"","HW1","HW2","HW3","HW4","HW5","HW6","HW7","HW8","HW9","ATT","QZ1","QZ2","QZ3","QZ4","EX1","EX2","Test1","Test2","Lab","Homework","Quiz","overall","Grade"
"1",100,100,100,100,100,100,100,100,100,12,100,100,100,100,80,90,100,100,100,100,100,100,"A+"
"2",85,95,100,95,95,95,100,100,100,12,92,89,90,95,58,75,72,83,100,98,92,88,"B+"
"3",88,100,85,70,100,98,0,80,0,7,83,56,50,0,57,55,71,61,20,78,63,64,"C-"
"4",92,100,100,100,96,99,100,92,95,12,67,89,65,65,70,58,87,64,100,98,74,84,"B"
"5",32,0,65,60,0,46,0,0,0,5,42,50,0,0,40,16,50,18,0,25,31,27,"F"
"6",75,85,92,95,100,91,0,0,90,9,92,94,0,75,74,71,92,79,60,79,87,81,"B-"
"7",90,100,98,95,80,80,52,90,90,12,92,50,75,90,78,69,98,76,100,90,86,89,"A-"
"8",92,95,100,90,100,72,95,74,100,12,83,44,60,65,52,64,65,71,100,93,69,79,"C+"
"9",82,85,92,70,100,0,84,90,95,12,92,100,70,95,80,74,100,82,100,87,96,91,"A"
"10",75,95,95,95,95,96,0,100,98,12,58,56,65,80,63,71,79,78,100,94,68,84,"B"
"11",0,78,0,15,0,70,80,80,58,11,67,28,35,15,22,50,27,56,100,48,43,50,"F"
"12",95,100,100,100,100,90,100,100,70,12,100,100,80,100,78,87,97,97,100,98,100,98,"A+"
"13",82,0,82,80,100,0,0,0,70,12,75,39,45,60,42,41,53,46,100,52,60,57,"D"
"14",80,92,88,100,100,69,52,80,75,12,100,83,68,100,70,68,88,76,100,86,94,86,"B"
"15",88,100,100,100,85,90,100,100,80,12,67,72,60,75,68,70,85,78,100,95,71,86,"B"
"16",50,0,68,50,0,78,42,82,80,11,33,56,70,85,40,37,50,41,100,56,70,58,"D"
"17",48,70,78,30,85,55,78,92,80,11,67,17,0,30,47,21,59,23,100,73,38,55,"D"
"18",78,85,100,100,95,93,82,90,95,12,75,56,70,65,59,69,74,77,100,92,70,82,"B-"
"19",65,92,92,0,95,80,74,80,80,12,83,50,65,70,64,68,80,76,100,82,73,80,"B-"
"20",52,75,85,90,86,99,70,100,0,8,67,78,25,50,62,62,77,69,40,82,65,71,"C"
"21",78,98,100,100,100,100,100,100,100,12,92,100,70,100,70,70,87,78,100,100,97,91,"A"
"22",95,78,95,100,100,87,100,90,100,12,100,94,70,95,64,77,80,86,100,96,96,91,"A"
"23",70,68,75,70,95,77,79,0,64,11,92,61,0,80,54,45,68,50,100,75,78,70,"C-"
"24",78,70,88,90,80,81,87,90,85,11,67,0,0,70,35,32,44,35,100,85,46,60,"D"
"25",72,72,85,80,90,93,100,100,100,12,92,89,70,95,65,81,81,90,100,90,92,90,"A-"
"26",80,80,85,60,92,71,48,64,95,12,33,22,40,25,39,43,49,48,100,78,33,60,"D"
"27",97,100,100,100,100,98,100,0,96,12,75,39,0,100,67,77,84,86,100,99,71,89,"A-"
"28",92,100,100,80,100,0,83,95,90,12,67,17,75,70,50,61,63,68,100,93,71,78,"C+"
"29",88,55,88,52,70,98,90,90,80,12,83,67,30,80,58,62,72,69,100,82,77,78,"C+"
"30",92,92,85,90,95,87,73,100,80,12,83,72,85,90,72,68,90,75,100,90,86,87,"B+"
"31",52,98,100,90,95,95,100,85,70,12,92,56,65,75,65,71,81,78,100,92,77,85,"B"
"32",86,94,95,100,95,90,77,60,98,10,67,61,65,85,63,64,79,72,80,92,72,80,"B-"
"33",88,85,100,100,100,99,100,100,94,12,100,89,90,100,79,67,99,74,100,98,97,92,"A"
"34",95,98,100,80,100,90,52,70,100,12,83,44,75,80,62,48,78,54,100,92,79,78,"C+"
"35",85,78,92,55,65,64,26,62,85,12,33,50,30,60,30,25,37,28,100,73,48,53,"D"
"36",88,100,100,70,95,100,78,90,80,12,67,44,40,90,62,35,78,39,100,91,67,73,"C"
"37",76,72,50,0,61,71,51,50,80,12,58,56,50,20,45,63,56,70,100,64,55,66,"C-"
"38",81,98,100,75,95,87,82,90,95,12,100,100,75,55,67,76,84,84,100,91,92,89,"A-"
"39",92,100,92,90,100,95,85,90,80,12,88,67,65,100,66,63,83,70,100,93,85,85,"B"
"40",88,100,92,90,95,91,90,95,100,11,83,67,82,85,72,81,90,90,100,94,84,91,"A"
"41",94,95,98,100,100,76,95,90,80,12,100,78,75,65,77,75,96,84,100,94,84,91,"A"
"42",75,82,100,100,90,88,84,88,100,12,92,89,70,90,77,76,96,85,100,92,90,92,"A"
"43",88,62,80,70,100,96,92,100,70,12,58,67,60,75,58,55,73,61,100,87,67,76,"C"
"44",90,90,72,90,100,97,100,95,100,12,83,61,65,65,55,41,69,46,100,95,71,74,"C"
"45",70,90,90,80,70,54,82,0,100,9,50,39,40,40,38,43,47,48,60,79,43,58,"D"
"46",95,85,90,50,56,86,92,75,55,12,88,78,45,75,42,27,53,30,100,79,80,64,"C-"
"47",82,100,98,90,91,99,97,100,100,12,92,89,90,100,67,74,84,82,100,97,94,90,"A-"
"48",95,100,100,90,95,99,97,80,100,12,100,94,90,95,70,83,88,92,100,97,96,94,"A"
"49",100,100,98,100,100,95,100,100,60,12,96,61,75,70,55,69,69,77,100,99,80,85,"B"
"50",68,100,100,90,95,90,100,90,100,12,100,78,70,100,71,84,89,93,100,96,93,94,"A"
"51",92,85,92,100,100,93,91,90,75,12,96,83,75,70,66,80,83,89,100,93,85,90,"A-"
"52",80,85,92,0,95,66,80,68,100,12,67,89,85,80,50,63,62,70,100,83,85,77,"C"
"53",0,78,100,80,100,90,80,0,65,12,88,94,75,85,34,69,43,77,100,74,89,73,"C"
"54",92,95,85,100,100,99,89,100,100,12,92,100,75,100,67,70,84,78,100,97,97,90,"A-"
"55",90,95,100,100,100,99,100,80,85,12,100,100,75,100,71,76,89,85,100,96,100,93,"A"
"56",88,78,98,90,97,96,90,80,80,12,96,0,55,80,56,61,70,68,100,90,77,79,"C+"
"57",92,100,100,100,95,99,94,99,95,12,75,100,85,95,70,77,88,86,100,98,93,92,"A"
"58",95,98,92,70,95,98,100,100,98,12,100,78,50,90,69,70,86,78,100,97,89,89,"A-"
"59",82,100,92,100,100,90,100,70,96,12,50,78,60,95,55,64,69,71,100,95,78,82,"B-"
"60",82,100,85,75,95,86,26,45,65,12,33,56,50,85,37,36,46,40,100,79,64,62,"C-"
"61",90,95,100,100,100,96,100,95,100,12,67,94,75,90,45,63,56,70,100,98,86,81,"B-"
"62",88,78,100,80,85,99,100,100,85,11,67,56,25,60,38,41,48,46,100,92,61,68,"C-"
"63",74,100,85,90,90,96,86,90,98,12,92,78,75,90,61,76,76,84,100,92,86,87,"B+"
"64",80,60,95,80,85,91,68,80,68,12,42,61,55,80,37,45,46,50,100,81,65,66,"C-"
"65",92,97,88,80,90,82,90,90,98,12,58,72,55,75,51,39,64,44,100,91,69,71,"C"
"66",80,95,90,80,98,94,73,90,85,12,58,67,57,100,65,64,81,72,100,89,75,82,"B-"
"67",92,95,100,100,95,98,70,100,100,12,92,61,60,90,66,73,83,82,100,98,81,89,"A-"
"68",92,100,100,90,100,93,89,80,60,12,83,78,55,80,66,64,82,71,100,93,80,84,"B"
"69",80,78,70,65,100,97,100,75,85,12,58,56,25,40,57,34,71,38,100,86,51,67,"C-"
"70",80,0,92,90,90,79,0,70,52,12,92,89,0,100,75,69,94,76,100,69,94,83,"B"
"71",0,10,48,0,90,0,56,40,75,7,54,28,30,80,43,32,54,35,20,40,55,42,"F"
"72",85,85,92,60,95,98,100,80,100,12,92,50,75,95,47,58,59,64,100,92,87,78,"C+"
"73",70,89,70,80,85,96,0,90,0,11,75,44,65,0,64,55,80,61,100,72,61,72,"C"
"74",85,98,100,85,75,97,97,95,85,12,25,44,35,65,49,36,61,40,100,93,48,67,"C-"
"75",94,100,85,100,100,98,90,100,96,12,75,61,80,80,78,72,98,80,100,97,78,90,"A-"
"76",62,65,32,28,0,79,79,75,94,12,92,33,25,55,44,55,55,61,100,64,60,64,"C-"
"77",85,70,85,95,100,88,88,100,85,12,75,100,90,100,47,66,59,73,100,91,97,82,"B-"
"78",92,100,100,100,100,100,100,95,100,12,92,89,80,80,59,71,74,79,100,99,87,87,"B+"
"79",92,100,100,100,95,90,100,95,85,12,100,89,80,80,76,74,95,82,100,97,90,92,"A"
"80",80,75,90,90,100,93,98,90,85,12,92,89,75,100,70,76,87,85,100,91,94,90,"A-"
"81",92,82,88,90,100,82,82,0,85,9,50,44,0,25,46,52,57,58,60,88,40,64,"C-"
"82",76,80,100,95,90,93,89,88,80,12,100,67,70,85,55,67,69,74,100,89,85,82,"B-"
"83",82,85,92,95,90,100,100,100,80,12,67,56,85,0,62,47,78,52,100,93,69,77,"C"
"84",78,62,98,80,0,83,100,75,70,11,67,44,70,80,67,69,84,77,100,81,72,81,"B-"
"85",78,100,100,100,100,99,92,100,98,12,92,100,90,100,76,86,95,95,100,99,97,97,"A+"
"86",88,85,92,80,100,99,0,100,75,12,100,100,60,100,75,70,94,78,100,90,100,90,"A-"
"87",68,95,82,95,60,79,89,100,85,12,83,83,68,95,77,82,96,91,100,87,87,91,"A"
"88",30,0,0,100,85,91,77,85,85,12,25,56,25,30,38,39,48,43,100,69,37,57,"D"
"89",92,100,100,0,100,100,0,100,100,12,92,100,100,100,64,78,80,87,100,87,100,89,"A-"
"90",82,0,95,100,95,99,100,100,100,9,75,72,80,95,70,76,88,84,60,96,83,86,"B"
"91",78,98,100,70,0,96,100,80,75,12,67,11,45,75,49,50,61,55,100,87,62,71,"C"
"92",80,75,0,68,78,87,100,82,90,11,83,83,90,90,58,73,72,81,100,82,88,82,"B-"
"93",0,85,80,75,100,78,0,90,0,12,92,39,75,0,58,37,73,42,100,64,69,65,"C-"
"94",88,85,92,85,95,91,92,90,90,12,92,50,0,85,64,66,80,73,100,90,76,83,"B"
"95",74,0,92,90,80,0,100,100,75,12,83,72,65,95,70,66,88,73,100,76,84,81,"B-"
"96",79,95,92,65,72,91,100,0,76,11,33,78,95,95,59,76,74,84,100,84,89,84,"B"
"97",0,0,0,42,0,0,0,0,0,10,58,0,0,0,42,36,53,39,80,5,19,33,"F"
"98",100,98,100,90,100,99,100,100,100,12,100,78,90,95,70,85,87,94,100,100,95,95,"A"
"99",92,95,100,0,100,93,90,85,100,12,83,100,70,80,66,81,82,90,100,94,88,90,"A-"
"100",96,98,100,0,100,89,97,100,99,12,100,67,80,95,74,78,92,87,100,97,92,93,"A"
"101",45,78,68,70,90,71,89,90,85,12,33,72,48,70,58,64,72,71,100,80,63,76,"C"
"102",0,85,85,68,90,88,96,75,95,12,58,67,50,0,49,41,61,46,100,85,58,68,"C-"
"103",85,92,100,100,95,90,100,98,100,12,100,78,75,60,62,61,78,68,100,97,84,84,"B"
"104",82,70,100,65,97,71,78,85,85,11,75,39,55,80,70,56,88,62,100,84,70,79,"C+"
"105",92,92,100,80,95,97,97,95,80,12,83,56,75,90,58,55,72,61,100,94,83,80,"B-"
"106",55,85,100,100,60,100,80,90,90,12,92,78,85,100,71,76,89,85,100,88,92,89,"A-"
"107",92,78,92,100,100,96,89,98,99,12,83,72,80,100,58,72,73,80,100,96,88,86,"B"
"108",62,98,82,68,90,98,100,80,100,12,75,72,57,75,55,50,69,56,100,89,74,76,"C"
"109",100,100,92,100,100,0,94,85,0,10,42,83,70,0,71,76,89,84,80,84,65,82,"B-"
"110",88,92,100,90,87,96,94,95,70,12,96,83,70,15,65,42,81,47,100,93,83,78,"C+"
"111",92,100,100,100,100,99,100,100,97,12,100,100,100,100,65,88,81,98,100,100,100,96,"A+"
"112",95,96,100,100,100,97,30,95,98,12,92,44,80,95,44,64,55,71,100,98,89,82,"B-"
"113",78,95,98,80,100,94,99,100,85,12,83,89,60,100,61,73,76,81,100,94,91,87,"B+"
"114",88,97,100,90,100,99,97,100,85,12,67,89,95,65,58,73,72,81,100,96,84,86,"B"
"115",72,62,100,99,100,0,0,100,99,10,92,83,0,85,62,79,78,88,80,79,87,82,"B-"
"116",87,100,92,80,100,89,50,80,98,12,83,0,60,85,66,83,83,92,100,91,76,88,"B+"
"117",75,100,100,90,100,95,97,95,85,12,92,67,65,95,62,60,78,67,100,95,84,83,"B"
"118",92,85,85,0,95,99,81,90,75,12,92,94,45,90,53,75,66,84,100,88,92,84,"B"
"119",84,100,88,70,100,97,100,90,100,12,83,61,95,80,42,55,53,62,100,95,86,77,"C"
"120",78,95,95,95,90,89,99,90,85,12,100,78,90,100,71,87,89,97,100,92,97,94,"A"
"121",62,90,52,90,54,75,25,0,60,11,50,11,0,5,22,23,27,26,100,64,22,44,"F"
"122",80,85,85,90,72,95,92,100,60,12,79,72,55,90,66,66,82,73,100,87,80,83,"B"
"123",0,62,10,55,66,0,0,60,30,7,75,0,15,40,33,29,41,32,20,35,43,35,"F"
"124",88,85,100,100,95,90,100,90,80,12,100,83,65,95,50,62,62,69,100,93,93,82,"B-"
"125",78,95,75,100,100,90,98,95,100,12,100,89,95,85,56,74,70,82,100,94,95,87,"B+"
"126",92,100,100,100,100,93,88,100,80,12,67,28,75,90,65,70,81,78,100,97,77,86,"B"
"127",88,100,100,100,100,99,100,100,100,12,100,100,85,90,68,77,85,86,100,100,97,93,"A"
"128",50,100,98,75,76,94,77,94,75,12,92,100,90,100,70,76,88,85,100,86,97,89,"A-"
"129",80,100,78,78,95,90,95,80,0,9,67,78,68,0,76,59,95,66,60,87,71,78,"C+"
"130",78,90,100,100,90,95,97,100,100,12,75,78,80,90,65,60,81,66,100,96,83,84,"B"
"131",86,98,100,90,100,98,97,100,100,12,83,100,90,100,78,80,97,89,100,98,97,96,"A+"
"132",100,100,98,100,100,100,100,100,100,12,100,100,100,100,80,86,100,95,100,100,100,99,"A+"
"133",95,85,100,100,100,93,100,90,100,12,100,100,90,100,72,85,90,94,100,97,100,96,"A+"
"134",100,99,100,90,100,99,100,95,99,12,100,89,95,95,72,78,90,87,100,99,97,94,"A"
"135",60,100,92,100,100,94,100,80,100,12,75,50,45,65,62,76,78,84,100,96,63,85,"B"
"136",88,92,100,80,95,89,95,95,90,12,83,78,65,70,55,79,69,88,100,93,77,85,"B"
"137",99,83,92,98,100,0,0,0,0,6,33,17,0,0,30,13,37,14,0,59,17,31,"F"
"138",100,100,100,100,100,100,0,100,96,11,75,78,55,80,65,58,81,65,100,100,78,84,"B"
"139",82,100,94,100,100,95,80,90,100,12,67,89,70,85,63,63,79,70,100,95,81,84,"B"
"140",52,100,82,90,100,94,100,75,85,12,92,50,42,85,67,74,84,82,100,91,76,86,"B"
"141",60,70,85,75,0,0,0,0,0,3,67,78,0,95,67,66,84,73,0,36,80,58,"D"
"142",90,0,70,90,0,44,0,40,55,10,92,78,55,65,43,50,54,55,80,49,78,59,"D"
"143",88,100,100,100,100,100,100,100,80,12,100,100,65,100,80,85,100,94,100,98,100,98,"A+"
"144",92,100,100,70,100,100,92,100,80,12,92,94,85,85,61,51,76,57,100,96,90,82,"B-"
"145",88,60,100,100,95,92,79,95,100,12,58,67,70,95,60,76,75,85,100,94,77,86,"B"
"146",85,95,100,100,95,100,89,98,85,12,92,67,82,100,72,79,90,88,100,95,91,92,"A"
"147",84,100,0,90,70,94,76,100,100,12,100,61,90,95,60,67,75,74,100,89,95,85,"B"
"148",85,100,92,100,95,100,90,65,100,12,67,100,75,85,66,79,83,88,100,95,87,90,"A-"
"149",92,100,92,70,100,82,86,60,100,12,67,67,40,45,70,64,87,71,100,90,59,81,"B-"
"150",92,98,95,100,91,100,94,100,95,12,83,78,40,95,62,67,78,74,100,97,85,86,"B"
"151",86,100,100,90,100,92,0,90,100,12,58,33,85,90,33,67,41,74,100,95,78,77,"C"
"152",92,100,0,90,100,100,89,100,100,12,83,72,80,95,70,77,88,86,100,96,86,91,"A"
"153",82,80,95,90,100,98,92,100,85,11,92,89,60,90,68,73,85,81,100,93,90,89,"A-"
"154",85,42,0,0,0,66,0,0,80,6,83,67,0,70,52,43,65,48,0,34,73,46,"F"
"155",78,100,98,65,72,81,97,100,75,10,79,50,0,85,65,62,81,69,80,88,71,78,"C+"
"156",70,80,90,100,90,0,90,90,85,12,92,0,75,90,36,47,45,52,100,87,86,71,"C"
"157",78,92,95,90,0,95,94,100,100,10,67,89,70,45,66,70,83,78,80,93,75,83,"B"
"158",92,98,100,100,100,99,97,100,100,12,92,61,85,70,58,73,72,81,100,99,82,87,"B+"
"159",90,100,98,80,96,96,51,85,100,12,100,67,75,85,70,75,87,83,100,93,87,89,"A-"
"160",89,100,55,98,100,83,100,0,97,9,75,61,0,100,70,69,88,77,60,90,79,82,"B-"
"161",65,82,88,85,95,95,100,90,80,12,92,78,75,95,70,78,88,87,100,89,88,89,"A-"
"162",92,100,100,70,100,100,91,80,90,12,100,67,60,90,69,73,86,82,100,94,86,89,"A-"
"163",92,98,100,0,100,99,94,90,100,12,92,89,80,95,71,79,89,88,100,97,92,93,"A"
"164",92,82,92,75,100,99,76,90,89,12,100,83,80,40,67,78,84,87,100,90,88,89,"A-"
"165",70,78,95,0,90,97,100,80,100,11,75,28,50,55,65,64,81,71,100,89,60,80,"B-"
"166",80,58,100,60,80,78,70,95,94,12,83,67,70,90,69,64,86,72,100,82,81,82,"B-"
"167",92,100,92,95,100,97,97,100,85,12,58,50,52,60,68,63,85,70,100,97,57,82,"B-"
"168",82,100,100,100,100,98,71,100,91,12,92,83,80,95,70,80,87,89,100,96,90,92,"A"
"169",80,0,95,0,55,0,0,0,75,7,83,0,0,65,54,61,67,68,20,38,49,51,"D"
"170",42,52,90,72,100,95,88,80,85,12,83,89,42,80,66,63,82,70,100,83,84,81,"B-"
"171",80,92,100,90,100,94,85,90,85,11,92,89,75,100,66,57,83,64,100,92,94,84,"B"
"172",70,100,92,82,100,99,97,90,85,12,75,83,80,90,70,80,87,89,100,93,84,90,"A-"
"173",90,100,100,100,95,99,100,100,100,12,92,100,80,90,70,75,88,83,100,99,94,92,"A"
"174",70,92,90,85,95,99,88,90,90,12,92,89,75,90,70,66,87,73,100,91,90,86,"B"
"175",100,100,85,90,85,89,92,95,95,12,100,94,80,100,79,82,99,91,100,93,98,95,"A"
"176",100,100,92,80,100,98,100,80,100,10,100,0,90,0,70,83,88,92,80,96,63,87,"B+"
"177",40,0,82,0,70,0,52,0,98,12,58,61,0,75,46,36,58,40,100,43,65,54,"D"
"178",92,100,92,90,100,96,85,90,85,12,83,89,80,75,60,71,75,78,100,93,84,85,"B"
"179",92,85,100,85,95,100,92,90,75,12,92,61,80,100,71,75,89,83,100,92,91,90,"A-"
"180",87,100,100,100,100,93,91,80,98,10,83,89,50,85,48,54,60,60,80,96,86,77,"C"
"181",75,98,68,80,95,90,58,100,85,12,100,78,68,85,58,57,72,63,100,86,88,79,"C+"
"182",100,100,92,90,95,95,100,100,80,12,83,100,80,100,72,80,90,89,100,97,94,93,"A"
"183",85,85,85,85,85,72,85,65,80,6,75,39,60,70,49,55,61,61,0,83,68,63,"C-"
"184",92,70,90,75,100,100,84,100,75,12,100,89,85,95,70,67,87,74,100,90,95,87,"B+"
"185",85,99,92,0,0,0,0,0,0,3,42,0,0,0,75,67,94,74,0,35,14,50,"F"
"186",80,100,100,0,90,0,100,70,0,10,83,0,30,70,64,55,80,62,80,68,61,69,"C-"
"187",65,100,55,90,100,86,100,85,85,9,83,89,52,90,68,60,85,67,60,89,87,80,"B-"
"188",60,100,92,100,95,71,90,92,85,10,92,89,52,100,72,74,90,82,80,91,94,88,"B+"
"189",75,100,100,100,100,95,100,100,100,12,100,89,82,100,66,76,83,84,100,99,96,92,"A"
"190",68,80,78,48,100,80,76,78,80,12,83,78,75,80,44,64,55,72,100,80,80,75,"C"
"191",74,70,92,80,100,97,90,100,96,12,67,61,75,85,66,74,82,82,100,91,76,86,"B"
"192",75,90,95,70,85,85,0,62,100,12,83,89,40,80,59,68,74,76,100,83,84,81,"B-"
"193",70,98,100,70,100,100,97,95,85,12,92,50,80,70,61,65,76,72,100,93,81,83,"B"
"194",82,100,100,100,97,100,100,90,75,12,92,72,65,80,62,57,78,64,100,96,81,82,"B-"
"195",92,98,98,90,92,95,62,95,90,12,67,44,90,90,64,65,80,72,100,94,82,85,"B"
"196",100,72,100,100,100,99,97,100,100,12,67,100,85,50,66,68,83,75,100,100,84,88,"B+"
"197",95,100,100,100,100,89,98,85,100,12,92,67,60,80,53,64,66,71,100,98,79,82,"B-"
"198",62,0,0,0,65,76,71,90,98,9,0,44,55,100,68,34,85,38,60,58,66,60,"D"
"199",52,55,85,68,90,78,92,80,80,12,50,72,0,85,52,54,65,60,100,78,69,72,"C"
"200",92,98,0,85,90,76,81,90,80,12,92,50,60,75,70,78,87,87,100,86,76,86,"B"
"201",100,100,92,90,100,99,90,95,100,12,100,100,85,90,70,80,88,89,100,97,97,94,"A"
"202",82,100,88,90,100,96,100,80,95,11,75,72,55,75,55,58,69,64,100,94,74,79,"C+"
"203",72,95,100,80,100,76,100,90,70,12,92,100,100,100,69,81,86,90,100,89,100,91,"A"
"204",82,85,95,90,100,95,87,85,85,12,92,89,70,100,59,71,74,79,100,90,94,86,"B"
"205",90,100,100,70,100,0,97,100,98,10,75,72,70,75,56,57,70,63,80,94,74,77,"C"
"206",95,75,100,100,100,99,85,85,100,12,50,56,50,95,61,51,76,57,100,96,67,78,"C+"
"207",92,100,100,100,100,100,100,100,100,12,67,61,80,90,66,67,83,74,100,100,79,87,"B+"
"208",92,0,92,95,100,95,0,0,80,9,83,0,35,60,55,41,69,46,60,69,59,61,"C-"
"209",67,0,48,90,100,59,59,80,98,12,92,89,85,90,63,71,79,78,100,75,90,81,"B-"
"210",90,90,90,90,0,0,0,0,0,6,50,0,35,0,66,13,83,14,0,45,28,38,"F"
"211",90,80,80,60,71,95,95,100,90,12,67,78,65,75,63,62,79,68,100,88,73,80,"B-"
"212",0,0,82,75,90,0,87,0,80,10,75,0,50,90,30,27,38,30,80,52,72,50,"F"
"213",78,100,92,65,90,78,97,95,80,12,71,56,85,90,41,66,51,73,100,89,82,77,"C"
"214",90,78,100,90,100,83,100,100,100,12,50,50,80,35,54,58,68,64,100,95,60,77,"C"
"215",85,100,100,95,100,96,88,90,85,12,92,100,70,85,68,73,85,82,100,94,92,89,"A-"
"216",100,100,100,90,94,98,97,85,91,12,83,78,55,80,70,66,88,73,100,96,80,87,"B+"
"217",75,85,92,55,51,68,76,80,80,12,67,50,50,85,69,63,86,70,100,76,67,78,"C+"
"218",88,0,0,100,85,99,90,85,79,12,92,89,65,95,69,69,86,77,100,78,92,84,"B"
"219",78,100,92,90,95,97,100,90,0,11,100,67,85,95,62,82,77,91,100,93,93,90,"A-"
"220",72,100,100,95,100,83,88,60,85,12,92,72,75,90,71,75,89,83,100,90,86,88,"B+"
"221",55,92,92,98,75,77,100,85,85,12,42,78,52,95,61,71,76,78,100,88,75,82,"B-"
"222",90,90,90,90,90,93,67,0,0,11,75,100,0,0,70,61,87,68,100,76,58,76,"C"
"223",68,68,95,78,100,88,70,90,85,7,33,0,25,45,69,62,86,69,20,84,34,67,"C-"
"224",74,80,100,100,90,89,94,90,0,12,67,78,75,85,63,61,79,68,100,90,79,82,"B-"
"225",92,100,100,30,100,100,100,85,75,12,92,28,0,100,64,44,80,49,100,94,73,77,"C"
"226",65,50,72,90,80,0,0,62,0,8,83,72,50,0,66,63,82,70,40,52,69,64,"C-"
"227",92,100,100,90,100,99,99,88,100,12,58,89,80,55,49,53,61,59,100,98,76,78,"C+"
"228",88,92,95,60,85,0,0,100,0,11,58,0,40,35,57,50,71,56,100,65,44,64,"C-"
"229",72,100,78,45,89,90,90,75,65,12,54,56,75,65,58,54,72,60,100,82,65,74,"C"
"230",88,100,82,90,100,90,100,80,85,12,58,72,30,55,62,24,77,27,100,92,62,69,"C-"
"231",78,78,95,100,99,92,80,88,85,11,33,44,65,60,62,44,77,49,100,90,56,73,"C"
"232",74,72,60,0,80,0,0,60,0,11,67,56,40,0,68,50,85,55,100,43,54,62,"C-"
"233",100,85,92,100,90,99,0,100,100,12,67,100,100,85,61,80,76,89,100,96,95,91,"A"
"234",94,100,100,100,100,98,100,100,100,12,100,83,70,85,71,78,89,86,100,100,89,93,"A"
"235",98,100,98,100,100,86,100,90,100,12,92,100,65,90,62,80,78,89,100,98,94,91,"A"
"236",94,97,96,100,80,100,97,100,100,12,75,83,50,100,64,69,80,76,100,98,86,87,"B+"
"237",92,100,100,98,100,98,86,100,98,12,100,83,50,80,66,72,83,80,100,98,88,89,"A-"
"238",100,100,100,65,95,94,100,95,100,12,100,56,80,90,70,80,88,89,100,98,90,93,"A"
"239",100,85,100,100,100,99,97,80,95,12,100,100,95,100,80,85,100,94,100,97,100,98,"A+"
"240",92,100,98,80,95,100,90,100,70,12,100,100,85,100,79,88,99,98,100,94,100,98,"A+"
"241",95,85,100,70,0,99,95,95,100,12,92,72,50,90,78,86,97,96,100,92,85,94,"A"
"242",92,100,95,100,100,90,100,85,98,12,25,33,20,65,31,21,39,23,100,97,41,59,"D"
"243",92,100,98,100,100,99,92,100,85,12,92,89,95,95,63,69,79,76,100,98,94,88,"B+"
"244",88,88,100,60,95,72,70,80,0,12,83,61,60,0,62,62,78,69,100,82,68,78,"C+"
"245",80,0,78,20,0,37,67,50,85,10,33,17,30,40,50,58,63,65,80,52,34,58,"D"
"246",82,95,90,78,100,95,84,85,100,12,83,89,80,75,46,61,58,68,100,91,84,78,"C+"
"247",82,98,75,50,42,86,61,85,100,12,58,61,35,80,55,50,69,56,100,80,66,72,"C"
"248",96,99,92,70,93,86,65,75,90,12,67,39,30,70,42,35,52,39,100,88,59,65,"C-"
"249",75,85,100,100,100,99,90,90,80,11,92,83,95,95,70,83,88,92,100,93,94,93,"A"
"250",92,100,100,90,100,99,100,95,100,12,92,78,75,65,66,70,83,78,100,98,81,88,"B+"
"251",94,84,95,95,100,98,86,100,0,12,67,72,80,70,41,59,51,66,100,94,74,76,"C"
"252",72,78,0,75,85,0,0,0,65,10,0,28,35,35,19,18,24,20,80,47,33,37,"F"
"253",100,79,85,95,85,91,79,75,92,12,92,44,90,90,64,64,80,71,100,88,91,84,"B"
"254",92,100,100,90,98,99,97,100,95,12,67,67,55,75,26,55,32,61,100,98,69,71,"C"
"255",100,100,90,100,100,94,100,100,0,11,100,78,75,0,72,73,90,81,100,98,84,90,"A-"
"256",93,73,100,88,100,96,80,95,95,10,100,50,65,60,76,65,95,72,80,93,75,84,"B"
"257",100,85,98,100,95,0,89,90,90,11,79,94,50,85,50,67,62,74,100,93,86,82,"B-"
"258",92,100,100,70,100,100,100,100,85,12,75,89,95,0,67,72,84,80,100,97,86,89,"A-"
"259",92,92,90,90,100,90,100,90,85,12,83,72,85,100,63,86,79,96,100,93,89,91,"A"
"260",68,56,85,0,65,50,52,0,20,10,50,50,30,35,43,29,54,32,80,49,45,48,"F"
"261",92,92,100,90,100,100,100,0,80,12,96,100,0,100,70,78,88,87,100,94,99,92,"A"
"262",58,100,100,0,80,93,76,75,95,12,75,72,70,90,79,67,99,74,100,85,79,86,"B"
"263",90,57,95,90,0,98,0,75,100,9,75,78,45,55,38,71,47,79,60,76,69,68,"C-"
"264",90,79,98,100,90,99,100,100,99,12,100,89,75,90,69,86,86,96,100,97,93,94,"A"
"265",75,100,92,100,100,99,100,90,100,12,83,89,95,100,78,77,97,86,100,98,95,95,"A"
"266",88,92,90,80,90,80,89,90,55,12,75,78,80,100,52,71,65,79,100,87,86,82,"B-"
"267",58,70,82,0,55,0,51,45,0,11,83,39,57,0,40,56,50,62,100,45,60,58,"D"
"268",52,78,98,50,95,80,79,90,50,12,67,39,65,90,46,53,58,58,100,78,74,71,"C"
"269",82,0,92,80,93,98,85,100,85,12,83,78,55,90,69,75,86,84,100,90,84,88,"B+"
"270",62,70,88,60,100,80,84,95,80,12,42,89,65,75,42,64,53,71,100,82,76,74,"C"
"271",65,55,88,90,90,72,77,0,80,12,83,72,57,80,68,76,85,84,100,77,79,83,"B"
"272",85,90,90,20,95,85,97,75,80,12,58,28,50,30,60,58,74,64,100,87,46,74,"C"
"273",100,100,100,100,100,75,100,95,65,12,96,72,45,85,50,68,63,76,100,96,84,83,"B"
"274",88,100,92,100,100,100,90,100,100,12,83,89,75,85,70,81,87,90,100,98,86,92,"A"
"275",92,70,85,80,100,97,79,100,85,12,83,100,95,100,77,68,96,76,100,90,98,90,"A-"
"276",62,80,75,100,95,95,100,85,100,12,75,100,80,75,57,54,71,60,100,91,85,79,"C+"
"277",87,100,100,100,99,99,100,100,96,11,50,67,70,90,64,79,80,88,100,99,76,89,"A-"
"278",60,75,100,0,100,94,100,90,100,10,50,33,25,40,70,45,87,50,80,90,41,71,"C"
"279",79,96,92,100,100,98,87,100,82,12,100,78,75,100,66,71,83,78,100,94,93,88,"B+"
"280",88,98,95,90,90,88,100,60,100,12,67,83,68,0,69,70,86,78,100,94,72,86,"B"
"281",60,82,92,80,0,73,86,100,85,11,75,50,57,65,77,75,96,83,100,82,66,84,"B"
"282",90,100,100,100,95,99,100,95,100,12,100,100,80,90,65,73,81,81,100,99,97,91,"A"
"283",92,100,100,100,100,99,100,100,95,12,83,67,70,95,71,76,89,85,100,99,83,91,"A"
"284",88,100,65,70,0,76,80,100,98,9,50,33,55,95,54,70,67,78,60,85,67,74,"C"
"285",0,85,100,100,100,99,100,98,100,12,67,78,70,75,60,81,75,90,100,98,74,88,"B+"
"286",70,70,55,65,72,58,47,60,80,12,92,56,75,100,66,58,82,64,100,66,89,76,"C"
"287",82,78,100,90,95,93,84,100,85,12,100,78,85,45,59,70,74,78,100,91,88,85,"B"
"288",100,85,100,100,100,87,97,90,100,12,67,100,85,90,64,66,80,74,100,97,92,87,"B+"
"289",82,100,92,80,100,99,100,80,100,12,100,100,90,100,71,89,89,99,100,94,100,96,"A+"
"290",0,80,100,95,78,90,77,75,97,11,83,67,55,85,58,60,73,66,100,86,78,79,"C+"
"291",78,0,92,90,85,66,48,70,85,12,50,50,25,30,28,40,35,44,100,77,43,58,"D"
"292",92,72,72,30,0,83,100,0,85,12,58,44,35,15,21,18,26,20,100,67,46,47,"F"
"293",92,100,100,100,100,99,97,100,85,12,92,100,95,100,71,80,89,88,100,99,98,94,"A"
"294",74,85,95,90,99,88,97,90,100,12,50,78,45,70,75,65,94,72,100,93,66,85,"B"
"295",92,100,100,100,100,100,92,0,95,12,92,94,75,100,78,80,98,89,100,97,95,95,"A"
"296",92,92,98,80,97,100,89,90,60,11,88,67,30,70,51,44,64,49,100,92,75,74,"C"
"297",52,48,98,75,65,81,79,90,65,10,75,44,40,75,39,60,49,67,80,76,65,67,"C-"
"298",78,92,78,90,93,90,90,55,65,11,67,44,30,50,64,49,80,54,100,84,54,73,"C"
"299",72,65,90,70,75,84,65,80,85,11,83,61,80,95,64,71,80,79,100,78,86,82,"B-"
"300",78,0,72,90,95,87,97,100,100,11,50,78,85,65,56,61,70,68,100,90,76,79,"C+"
"301",80,100,95,70,88,90,96,100,85,12,92,61,55,95,62,81,77,90,100,92,83,88,"B+"
"302",62,0,78,90,100,98,100,90,100,12,100,94,35,90,76,74,95,82,100,90,95,91,"A"
"303",94,100,100,90,100,99,100,95,95,12,92,78,80,90,57,65,71,72,100,98,87,85,"B"
"304",66,85,90,90,100,0,65,95,100,12,83,22,75,65,42,37,53,41,100,86,74,68,"C-"
"305",78,85,85,60,100,100,86,100,80,12,75,83,75,65,44,60,55,67,100,89,78,76,"C"
"306",88,78,100,95,95,100,0,75,75,12,96,89,75,100,67,73,84,81,100,88,95,88,"B+"
"307",100,100,100,90,72,100,97,100,98,12,92,100,75,90,56,70,70,78,100,98,94,87,"B+"
"308",82,100,95,80,95,96,100,80,85,12,100,78,85,90,72,76,90,85,100,92,92,91,"A"
"309",85,95,85,100,100,98,88,90,85,12,100,50,65,95,65,68,81,75,100,93,87,86,"B"
"310",52,92,98,0,91,0,0,0,0,10,58,0,0,0,43,21,54,23,80,42,19,40,"F"
"311",88,78,100,60,100,89,83,80,80,12,83,78,65,80,59,72,74,80,100,87,80,83,"B"
"312",92,100,95,100,100,99,100,85,98,12,100,89,75,95,80,84,100,94,100,98,95,97,"A+"
"313",48,72,92,95,100,88,80,82,100,12,75,61,45,100,47,62,59,69,100,89,79,78,"C+"
"314",98,94,78,90,95,97,100,90,99,12,92,72,55,75,61,49,76,54,100,95,80,79,"C+"
"315",80,85,100,90,95,96,86,60,100,12,67,78,75,95,77,66,96,74,100,92,83,88,"B+"
"316",60,0,90,0,0,91,0,48,66,11,75,72,30,100,62,54,78,60,100,44,82,66,"C-"
"317",0,50,42,80,100,83,71,75,50,12,67,61,55,35,14,40,18,44,100,69,61,54,"D"
"318",92,85,100,70,90,96,100,100,100,11,75,67,45,95,67,65,84,72,100,95,79,85,"B"
"319",92,100,100,100,100,0,90,100,100,11,92,61,65,80,78,76,98,84,100,98,79,92,"A"
"320",88,100,98,100,90,80,100,80,94,12,75,72,60,75,54,53,68,59,100,94,74,78,"C+"
"321",65,100,90,90,100,99,86,72,75,12,100,89,80,95,71,73,89,81,100,89,95,89,"A-"
"322",92,100,100,100,95,100,86,100,80,12,96,72,60,100,62,74,78,82,100,97,89,89,"A-"
"323",82,100,95,100,0,100,92,100,100,12,58,100,65,80,69,64,86,71,100,96,82,86,"B"
"324",0,75,68,90,80,71,0,50,0,8,83,61,25,35,64,45,80,50,40,54,60,58,"D"
"325",82,88,85,35,60,95,87,100,85,11,58,94,95,100,71,81,89,90,100,85,96,90,"A-"
"326",82,100,85,90,95,85,90,100,82,12,100,56,65,75,46,71,58,79,100,91,80,81,"B-"
"327",72,100,100,100,100,80,76,85,98,12,92,72,70,100,74,80,93,89,100,92,88,92,"A"
"328",72,70,100,90,100,95,97,100,85,12,100,89,75,80,72,75,90,84,100,92,90,90,"A-"
"329",0,0,0,10,0,0,54,70,32,9,33,0,55,45,33,57,41,63,60,21,44,43,"F"
"330",88,99,0,0,85,0,0,85,85,12,75,50,80,70,58,51,72,57,100,55,75,66,"C-"
"331",95,95,100,100,95,99,100,100,100,12,92,89,65,100,66,81,82,90,100,99,94,93,"A"
"332",72,92,100,90,95,89,83,95,100,12,92,22,60,75,61,57,76,64,100,93,76,80,"B-"
"333",100,85,100,100,100,99,97,85,95,12,100,100,100,100,80,89,100,99,100,97,100,99,"A+"
"334",92,75,100,100,96,96,100,90,100,12,75,89,70,90,62,75,77,83,100,97,85,88,"B+"
